<?xml version="1.0" encoding="UTF-8"?>
<!DOCTYPE suite SYSTEM "https://testng.org/testng-1.0.dtd">
<suite name="Mobile Automation Test Suite" verbose="1" preserve-order="true" thread-count="1">
    
    <parameter name="allure.results.directory" value="${project.build.directory}/allure-results"/>
    
    <listeners>
        <listener class-name="utilities.CustomAllureListener"/>
    </listeners>
    
    <test name="Login Tests">
        <classes>
            <class name="tests.LoginTest"/>
        </classes>
    </test>
</suite>